fn,ln,dob,email,phone
Ealasaid,Elsmere,2013-06-30,eelsmere0@stanford.edu,(826) 4268545
Allianora,Jell,2011-11-01,ajell1@lycos.com,(562) 4226002
Alan,Lethabridge,2013-05-23,alethabridge2@engadget.com,(314) 7020322
Oliver,Victoria,2016-02-03,ovictoria3@bing.com,(622) 2992068
Daniela,Crackel,2016-11-09,dcrackel4@simplemachines.org,(314) 7177880
Robby,Carnock,2012-11-26,rcarnock5@newsvine.com,(998) 9088488
Bernelle,Risbie,2014-05-17,brisbie6@symantec.com,(509) 3260990
Hayes,Keaysell,2013-11-12,hkeaysell7@theatlantic.com,(150) 8295873
Dun,Preto,2010-03-17,dpreto8@technorati.com,(539) 8196313
Frannie,Baswall,2012-05-08,fbaswall9@bluehost.com,(837) 9992812
